,Chromosome size,Population size,Max. gens,No. objectives,Obj. 1 name,Objective 1,Obj. 2 name,Objective 2,Time,F1,F2,F3,F4,F5,F6,F7,F8,F9,F10,H1,H2,H3,H4,H5,H6,H7,H8,H9,H10
0,10,10,10,2,Time,0.03366207501985019,Nodes on fire,0.0036684285005759154,3.767853021621704,"[0.5099392408830357, 0.3212620548815489, 0.4924580569438344, 0.4690850402382336, 0.3998962236998843]","[0.8655099819457537, 0.40314675182106285, 0.40647451364759013, 0.6866015951611606, 0.11694340532303582]","[0.5572303802160727, 0.13971754831775884, 0.6127773560468617, 0.8021374789881784, 0.1471309642497839]","[0.4554228414195447, 0.9157621890064822, 0.7515940493132306, 0.06553377486832102, 0.5489210139833167]","[0.012762271277388937, 0.8235792238844025, 0.7429408195971624, 0.6538058136668586, 0.2179440476148501]","[0.775595083020093, 0.9862077030238156, 0.22943539075438835, 0.7966763336797346, 0.35643348509765316]","[0.47205963613926283, 0.6880031579014932, 0.19168220227064003, 0.037498732587270434, 0.9065758259881972]","[0.8596061813765011, 0.29309527603333574, 0.8965673759250344, 0.2634669682087244, 0.9885685485134804]","[0.08502635068212694, 0.2350168469560564, 0.025341052638260142, 0.6472559730026024, 0.012503566897852258]","[0.2751238977615177, 0.699437644544102, 0.10413155905453597, 0.7071807687245032, 0.2051811170480583]",GDEG,GDEG,LDEG,LDEG,LDEG,GDEG,GDEG,GDEG,LDEG,LDEG
