,Chromosome size,Population size,Max. gens,No. objectives,Obj. 1 name,Objective 1,Obj. 2 name,Objective 2,Time,F1,F2,F3,F4,F5,H1,H2,H3,H4,H5
0,5,10,10,2,Time,0.04553080743649185,Nodes on fire,0.035143782572524485,0.9677560329437256,"[0.6837927938330108, 0.19536372001911684, 0.2048215331368407, 0.009369954170576067, 0.29077960485751764]","[0.7816508531020342, 0.14624981103214696, 0.7177245443911497, 0.014814392648816122, 0.9426659280547703]","[0.0811059784471766, 0.48636244480819746, 0.896936202306391, 0.019994772941491323, 0.689683454159129]","[0.28044071128500603, 0.6265069058069395, 0.3787031406079411, 0.6902545241404003, 0.817997324460749]","[0.639246448086924, 0.015065287487209034, 0.3519727098929514, 0.8888572503174397, 0.24954314566482816]",GDEG,LDEG,GDEG,LDEG,GDEG
1,5,10,10,2,Time,0.0001624020991164432,Nodes on fire,0.09260754787180192,0.9677560329437256,"[0.3168930772868117, 0.3813696983311814, 0.8626912364776981, 0.060532052886293375, 0.4639677237131611]","[0.24284021921382204, 0.9195466718168079, 0.6089166745258155, 0.05791567336065606, 0.0802676976969714]","[0.5394186555183805, 0.8006035203899888, 0.21097899150409305, 0.8168768795483478, 0.3832927318104272]","[0.4961816358945673, 0.6800019168219269, 0.656434201808045, 0.7740526526147624, 0.2859854015201827]","[0.8131299935413046, 0.3336948554972037, 0.34350025935351347, 0.7481899643067332, 0.7245646888276159]",LDEG,LDEG,LDEG,GDEG,GDEG
2,5,10,10,2,Time,0.39672546556171706,Nodes on fire,0.013528466110494297,0.9677560329437256,"[0.8976693368936735, 0.5103052092243149, 0.12462076825784707, 0.914423821451856, 0.3981375680220238]","[0.9786229501614324, 0.8600923642510635, 0.8901580881323318, 0.24504025989863076, 0.1775182148510317]","[0.4543521142895408, 0.4449412151207026, 0.5110958790051343, 0.1749223362034793, 0.6293030784807079]","[0.183650722716579, 0.8862223393225303, 0.9711099363636653, 0.4513927217810886, 0.7367153081620793]","[0.657773884106103, 0.1499301425756734, 0.445165687389962, 0.14742427772987055, 0.27036182235373074]",LDEG,LDEG,GDEG,LDEG,GDEG
