,Chromosome size,Population size,Max. gens,No. objectives,Obj. 1 name,Objective 1,Obj. 2 name,Objective 2,Time,F1,F2,F3,F4,F5,F6,F7,F8,F9,F10,H1,H2,H3,H4,H5,H6,H7,H8,H9,H10
0,10,10,10,2,Time,0.022732727809998576,Nodes on fire,0.006277065515773117,3.442512035369873,"[0.15253484174375675, 0.4793726368782907, 0.4085600126779859, 0.4016614466410756, 0.06904472106133674]","[0.9267422576567164, 0.5458232221465087, 0.12925163827491404, 0.08409394543604287, 0.5747721481436339]","[0.6183346329542346, 0.08267777249646202, 0.8472711275661982, 0.8022980045343013, 0.08671720937147132]","[0.558937460144819, 0.8703320679073222, 0.4433984585717504, 0.9915853573233201, 0.6571870423185361]","[0.805310349756501, 0.8699937239227274, 0.9839379875996885, 0.8193117601827059, 0.7341160979639366]","[0.1894685606503893, 0.2581232858716933, 0.3689222587072599, 0.35826988024723194, 0.4212173959242197]","[0.2949867349727451, 0.7864081320380907, 0.7064829290346738, 0.8812413677062283, 0.6450907565977458]","[0.8981736427280747, 0.27234822648873613, 0.43777762223459094, 0.13968497407133007, 0.9164785272072671]","[0.9777792312263592, 0.6318875136707212, 0.05361493632054293, 0.26096329449020683, 0.10828981757107992]","[0.01348305873088984, 0.28946758995017285, 0.7630863040332336, 0.7381231234836234, 0.08436952265973974]",GDEG,GDEG,LDEG,LDEG,LDEG,GDEG,GDEG,GDEG,GDEG,GDEG
