,Chromosome size,Population size,Max. gens,No. objectives,Obj. 1 name,Objective 1,Obj. 2 name,Objective 2,Time,F1,F2,F3,F4,F5,F6,F7,F8,F9,F10,H1,H2,H3,H4,H5,H6,H7,H8,H9,H10
0,10,10,10,2,Time,0.000692238280834423,Nodes on fire,0.02558305038411257,4.653043985366821,"[0.5877387548180598, 0.6338465129755461, 0.8235061681646433, 0.32264150916851164, 0.9714232947484669]","[0.07921893037545769, 0.18175035869839773, 0.3619360287134923, 0.9360722332541064, 0.462864915697764]","[0.40651727389731884, 0.3724487076763413, 0.3557108907849431, 0.4197327797274447, 0.71239695265749]","[0.785237433275533, 0.19174220031646882, 0.9286752384916763, 0.08774763787509976, 0.6249271034762468]","[0.19115902140505225, 0.26259029707892734, 0.8820928234609209, 0.40766760053115636, 0.24812540539911954]","[0.36045845514507935, 0.2545386210371968, 0.13038326848274173, 0.784347011664685, 0.501702533282582]","[0.6014479443966674, 0.5491865211721679, 0.011452685334823909, 0.763964781009296, 0.7169672673303474]","[0.3710777871672609, 0.8500473546851989, 0.0793445178277633, 0.303451316409286, 0.8114612125473568]","[0.780167314858297, 0.6844689468351355, 0.5765324847080208, 0.6570033833226097, 0.6816107533915771]","[0.9139987892929575, 0.6374600541955855, 0.7101643131146362, 0.6156335527982743, 0.8888305178789454]",LDEG,LDEG,LDEG,GDEG,LDEG,LDEG,LDEG,LDEG,LDEG,LDEG
