,Chromosome size,Population size,Max. gens,No. objectives,Obj. 1 name,Objective 1,Obj. 2 name,Objective 2,Time,F1,F2,F3,F4,F5,H1,H2,H3,H4,H5
0,5,10,10,2,Time,0.020256264551331338,Nodes on fire,0.00331385438239451,0.8680770397186279,"[0.9701269850401455, 0.24182233972661338, 0.8097137798157479, 0.801086412704239, 0.7830424650290719]","[0.5427848663093314, 0.8279492493489531, 0.010615018682707311, 0.4455104611169719, 0.33333636598244853]","[0.47907889896550493, 0.4924083502465645, 0.26006479856258735, 0.5139380307848954, 0.0737302723419625]","[0.29467391443966684, 0.7888658672973221, 0.7059538862726138, 0.6184469681934427, 0.8665826742801518]","[0.38605858835338347, 0.6893179732722551, 0.3411263933334283, 0.30878494773967957, 0.9805217281625369]",LDEG,LDEG,LDEG,LDEG,LDEG
1,5,10,10,2,Time,0.008704075672419598,Nodes on fire,0.06442723042239906,0.8680770397186279,"[0.07826368825001095, 0.6585243897849244, 0.7089197450656205, 0.3758549135023552, 0.2741850462098585]","[0.7735747091836346, 0.45960917029395454, 0.006905926822019626, 0.6930434967094172, 0.02796537335336846]","[0.07792895214862416, 0.941209165742146, 0.7230597387233838, 0.6586968253291747, 0.21708170964379958]","[0.5771517128390476, 0.8797950542273864, 0.880884595580814, 0.26178712332374887, 0.7456630677898057]","[0.016544004431031656, 0.4761091437245658, 0.8531311310644634, 0.43913126695732574, 0.5020341137019048]",GDEG,GDEG,GDEG,GDEG,LDEG
