,Chromosome size,Population size,Max. gens,No. objectives,Obj. 1 name,Objective 1,Obj. 2 name,Objective 2,Time,F1,F2,F3,F4,F5,H1,H2,H3,H4,H5
0,5,10,10,2,Time,0.0060114328974549824,Nodes on fire,0.4638566095184794,0.9312782287597656,"[0.5757409117555573, 0.8636852448382542, 0.9062263016482607, 0.4588655791252031, 0.6281100800376015]","[0.1298741099017553, 0.4096668921276343, 0.3226978691411746, 0.3969990511327742, 0.8623121636748321]","[0.3728112153341975, 0.4755872201095551, 0.1465467846888625, 0.5179544960226844, 0.6346686900777337]","[0.7998249089498858, 0.997334513900312, 0.7541840660228789, 0.9070293245358835, 0.35691284561256864]","[0.6513546404837464, 0.3916807947306241, 0.8536929407001326, 0.05235750877367451, 0.14225938701231577]",LDEG,GDEG,LDEG,GDEG,GDEG
1,5,10,10,2,Time,0.014534183930808964,Nodes on fire,0.03694375585472709,0.9312782287597656,"[0.2831628647396822, 0.9243289126964155, 0.8505096592196357, 0.29987155865679416, 0.12015097875162395]","[0.023188329660609908, 0.9947356661332023, 0.11074579505160198, 0.1660228371557928, 0.6999939358155794]","[0.6854594766289617, 0.25303540348873943, 0.41041897439080177, 0.9256259426221599, 0.5773280835715643]","[0.07520790463874749, 0.20681233177815284, 0.730079135313385, 0.4134397215554918, 0.9907325689529675]","[0.6388470265324305, 0.5189214064913692, 0.8588557482334641, 0.37526927689063083, 0.8845218627085877]",GDEG,LDEG,LDEG,GDEG,GDEG
