,Chromosome size,Population size,Max. gens,No. objectives,Obj. 1 name,Objective 1,Obj. 2 name,Objective 2,Time,F1,F2,F3,F4,F5,H1,H2,H3,H4,H5
0,5,10,10,2,Time,0.01683011897517206,Nodes on fire,0.014837337975430298,0.9249157905578613,"[0.8051527697630178, 0.3321852253805134, 0.5500312744375768, 0.2638894387733449, 0.8522436559757368]","[0.8252781280641833, 0.23085804300956303, 0.1370599168624227, 0.3770441382950859, 0.8802348580172974]","[0.8580114534029837, 0.8208767059845178, 0.5592523372384623, 0.9052024590063737, 0.30428537116390697]","[0.15243388153882675, 0.46460869155958195, 0.6460555946633281, 0.6909515052557794, 0.3106654443649751]","[0.20167266209222312, 0.43964982322308366, 0.48694682790181976, 0.5159660858517565, 0.4166203543428587]",GDEG,GDEG,LDEG,LDEG,LDEG
1,5,10,10,2,Time,0.8486231773860763,Nodes on fire,0.008118270461259347,0.9249157905578613,"[0.4028463963138834, 0.6571162945557701, 0.4548035145932121, 0.9327626102564552, 0.5587854274170933]","[0.9511574196303616, 0.47163327603702054, 0.904443867152963, 0.5353926735675892, 0.3218970814119271]","[0.5930278442084539, 0.6141883539352506, 0.11805939474225191, 0.3400983261853968, 0.8436305254843065]","[0.5181729285957967, 0.8809672275072973, 0.586633307557016, 0.8805205877816905, 0.3202417543632714]","[0.8557501260958792, 0.13546878947610275, 0.11267928867982413, 0.4923478237990849, 0.4300301662909398]",LDEG,GDEG,LDEG,LDEG,LDEG
